company,industry,csa_score,esg_score,score_under_review,last_updated,search_term,url,scraped_at
Abbott Laboratories,MTC Health Care Equipment & Supplies,61,62,NO,"November 11, 2025",Abbott Laboratories,https://www.spglobal.com/sustainable1/en/scores/results?cid=4004092,2025-12-04T19:00:56.158517
Accenture plc,TSV IT services,48,54,NO,"September 26, 2024",Accenture,https://www.spglobal.com/sustainable1/en/scores/results?cid=4142760,2025-12-04T19:01:08.139679
"ACS, Actividades de Construcción y Servicios, S.A.",CON Construction & Engineering,78,78,NO,"November 06, 2025",ACS,https://www.spglobal.com/sustainable1/en/scores/results?cid=4494388,2025-12-04T19:01:19.093444
Aeon Co. (M) Bhd.,FDR Food & Staples Retailing,,,,,AEON,https://www.spglobal.com/sustainable1/en/scores/results?cid=4629027,2025-12-04T19:01:35.116989
L'Air Liquide S.A.,CHM Chemicals,52,53,NO,"September 18, 2025",Air Liquide,https://www.spglobal.com/sustainable1/en/scores/results?cid=4203992,2025-12-04T19:01:51.321979
Airbus SE,ARO Aerospace & Defense,68,68,NO,"September 25, 2025",Airbus,https://www.spglobal.com/sustainable1/en/scores/results?cid=4431893,2025-12-04T19:02:02.790998
"Albertsons Companies, Inc.",FDR Food & Staples Retailing,26,35,NO,"February 18, 2025",Albertsons,https://www.spglobal.com/sustainable1/en/scores/results?cid=5309457,2025-12-04T19:02:14.514665
Alibaba Group Holding Limited,RTS Retailing,51,52,NO,"December 01, 2025",Alibaba Group Holding,https://www.spglobal.com/sustainable1/en/scores/results?cid=4279124,2025-12-04T19:02:25.872824
The Allstate Corporation,INS Insurance,52,53,NO,"June 04, 2025",Allstate,https://www.spglobal.com/sustainable1/en/scores/results?cid=103247,2025-12-04T19:02:38.094501
Alphabet Inc.,"IMS Interactive Media, Services & Home Entertainment",36,39,NO,"December 01, 2025",Alphabet,https://www.spglobal.com/sustainable1/en/scores/results?cid=4633618,2025-12-04T19:02:49.899289
"Amazon.com, Inc.",RTS Retailing,22,26,NO,"November 10, 2025",Amazon,https://www.spglobal.com/sustainable1/en/scores/results?cid=3001792,2025-12-04T19:03:07.850437
"American International Group, Inc.",INS Insurance,38,40,NO,"September 24, 2025",American International Group,https://www.spglobal.com/sustainable1/en/scores/results?cid=103330,2025-12-04T19:04:11.026892
Anglo American plc,MNX Metals & Mining,71,71,NO,"September 18, 2025",Anglo American,https://www.spglobal.com/sustainable1/en/scores/results?cid=4193273,2025-12-04T19:04:22.081640
"Apple Hospitality REIT, Inc.",REI Equity Real Estate Investment Trusts (REITs),25,30,NO,"August 16, 2024",Apple,https://www.spglobal.com/sustainable1/en/scores/results?cid=4187996,2025-12-04T19:04:53.601473
"Arrow Electronics, Inc.","ITC Electronic Equipment, Instruments & Components",31,38,NO,"July 18, 2025",Arrow Electronics,https://www.spglobal.com/sustainable1/en/scores/results?cid=4066994,2025-12-04T19:05:17.846108
AXA SA,INS Insurance,86,86,NO,"November 26, 2025",AXA,https://www.spglobal.com/sustainable1/en/scores/results?cid=4009223,2025-12-04T19:05:35.851830
Banco Bilbao Vizcaya Argentaria Colombia S.A.,BNK Banks,66,66,NO,"September 16, 2025",Banco Bilbao Vizcaya Argentaria,https://www.spglobal.com/sustainable1/en/scores/results?cid=4271698,2025-12-04T19:05:52.115263
Banco Bradesco S.A.,BNK Banks,80,80,NO,"October 01, 2025",Banco Bradesco,https://www.spglobal.com/sustainable1/en/scores/results?cid=4135294,2025-12-04T19:06:08.927463
Banco do Brasil S.A.,BNK Banks,90,90,NO,"November 06, 2025",Banco do Brasil,https://www.spglobal.com/sustainable1/en/scores/results?cid=4044461,2025-12-04T19:06:19.909209
Banco Santander (Brasil) S.A.,BNK Banks,54,56,NO,"October 17, 2024",Banco Santander,https://www.spglobal.com/sustainable1/en/scores/results?cid=4236737,2025-12-04T19:06:31.286156
Bank of America Corporation,BNK Banks,57,58,NO,"March 27, 2025",Bank of America,https://www.spglobal.com/sustainable1/en/scores/results?cid=100369,2025-12-04T19:06:47.049083
Bank of China Limited,BNK Banks,30,33,NO,"July 18, 2025",Bank of China,https://www.spglobal.com/sustainable1/en/scores/results?cid=4055265,2025-12-04T19:06:57.935302
Barclays PLC,BNK Banks,57,58,NO,"November 18, 2025",Barclays,https://www.spglobal.com/sustainable1/en/scores/results?cid=114508,2025-12-04T19:08:18.859564
BASF India Limited,CHM Chemicals,,,,,BASF,https://www.spglobal.com/sustainable1/en/scores/results?cid=4987052,2025-12-04T19:08:29.842948
Berkshire Hathaway Inc.,FBN Diversified Financial Services and Capital Markets,10,13,NO,"November 06, 2025",Berkshire Hathaway,https://www.spglobal.com/sustainable1/en/scores/results?cid=103462,2025-12-04T19:09:32.890320
"Best Buy Co., Inc.",RTS Retailing,51,52,NO,"November 21, 2025",Best Buy,https://www.spglobal.com/sustainable1/en/scores/results?cid=4095864,2025-12-04T19:09:44.055514
BHP Group (UK) Ltd,MNX Metals & Mining,,,,,BHP Group,https://www.spglobal.com/sustainable1/en/scores/results?cid=4413277,2025-12-04T19:09:55.188836
BNP Paribas SA,BNK Banks,57,58,NO,"November 24, 2025",BNP Paribas,https://www.spglobal.com/sustainable1/en/scores/results?cid=3001689,2025-12-04T19:10:11.894286
The Boeing Company,ARO Aerospace & Defense,37,40,NO,"November 04, 2025",Boeing,https://www.spglobal.com/sustainable1/en/scores/results?cid=4004086,2025-12-04T19:10:22.873110
Bouygues SA,CON Construction & Engineering,40,44,NO,"September 15, 2025",Bouygues,https://www.spglobal.com/sustainable1/en/scores/results?cid=4629203,2025-12-04T19:10:33.881506
BP Castrol K.K.,OGR Oil & Gas Refining & Marketing,,,,,BP,https://www.spglobal.com/sustainable1/en/scores/results?cid=6360068,2025-12-04T19:10:44.745430
British American Tobacco (Malaysia) Berhad,TOB Tobacco,,,,,British American Tobacco,https://www.spglobal.com/sustainable1/en/scores/results?cid=4910278,2025-12-04T19:11:06.785429
Broadcom Inc.,SEM Semiconductors & Semiconductor Equipment,33,39,NO,"September 19, 2025",Broadcom,https://www.spglobal.com/sustainable1/en/scores/results?cid=4970473,2025-12-04T19:11:22.309441
Brookfield Asset Management Ltd.,FBN Diversified Financial Services and Capital Markets,40,42,NO,"November 26, 2025",Brookfield,https://www.spglobal.com/sustainable1/en/scores/results?cid=108494869,2025-12-04T19:11:33.928923
Canadian Natural Resources Limited,OGX Oil & Gas Upstream & Integrated,38,43,NO,"February 05, 2025",Canadian Natural Resources,https://www.spglobal.com/sustainable1/en/scores/results?cid=4010476,2025-12-04T19:12:28.618851
"Cardinal Health, Inc.",HEA Health Care Providers & Services,50,51,NO,"November 18, 2025",Cardinal Health,https://www.spglobal.com/sustainable1/en/scores/results?cid=4073203,2025-12-04T19:13:13.513993
"CarMax, Inc.",RTS Retailing,24,29,NO,"July 18, 2025",CarMax,https://www.spglobal.com/sustainable1/en/scores/results?cid=4099394,2025-12-04T19:13:23.998361
Carrefour SA,FDR Food & Staples Retailing,57,57,NO,"September 09, 2025",Carrefour,https://www.spglobal.com/sustainable1/en/scores/results?cid=4414480,2025-12-04T19:13:35.884843
Caterpillar Inc.,IEQ Machinery and Electrical Equipment,33,37,NO,"July 18, 2025",Caterpillar,https://www.spglobal.com/sustainable1/en/scores/results?cid=114523,2025-12-04T19:13:48.888522
"Cencora, Inc.",HEA Health Care Providers & Services,41,43,NO,"November 14, 2025",Cencora,https://www.spglobal.com/sustainable1/en/scores/results?cid=4022647,2025-12-04T19:13:59.879333
Cenovus Energy Inc.,OGX Oil & Gas Upstream & Integrated,25,29,NO,"August 25, 2025",Cenovus Energy,https://www.spglobal.com/sustainable1/en/scores/results?cid=4342922,2025-12-04T19:14:10.909413
Centene Corporation,HEA Health Care Providers & Services,60,60,NO,"October 08, 2025",Centene,https://www.spglobal.com/sustainable1/en/scores/results?cid=4022661,2025-12-04T19:14:21.879863
"Charter Communications, Inc.","PUB Media, Movies & Entertainment",23,28,NO,"May 12, 2025",Charter Communications,https://www.spglobal.com/sustainable1/en/scores/results?cid=4121481,2025-12-04T19:14:32.882347
"Cheniere Energy Partners, L.P.",PIP Oil & Gas Storage & Transportation,,,,,Cheniere Energy,https://www.spglobal.com/sustainable1/en/scores/results?cid=4149886,2025-12-04T19:14:50.580543
China Communications Construction Company Limited,CON Construction & Engineering,,,,,China Communications Construction,https://www.spglobal.com/sustainable1/en/scores/results?cid=4325237,2025-12-04T19:15:13.825040
China Construction Bank Corporation,BNK Banks,30,31,NO,"July 07, 2025",China Construction Bank,https://www.spglobal.com/sustainable1/en/scores/results?cid=4147550,2025-12-04T19:15:25.161431
China Huadian Corporation Ltd.,ELC Electric Utilities,,,,,China Huadian,https://www.spglobal.com/sustainable1/en/scores/results?cid=4346169,2025-12-04T19:17:02.145811
China Life Insurance Company Limited,INS Insurance,35,36,NO,"August 25, 2025",China Life Insurance,https://www.spglobal.com/sustainable1/en/scores/results?cid=4090721,2025-12-04T19:17:21.154153
"China Merchants Bank Co., Ltd.",BNK Banks,50,50,NO,"November 11, 2025",China Merchants Bank,https://www.spglobal.com/sustainable1/en/scores/results?cid=4147551,2025-12-04T19:17:36.987046
China Minmetals Corporation,MNX Metals & Mining,,,,,China Minmetals,https://www.spglobal.com/sustainable1/en/scores/results?cid=4331450,2025-12-04T19:17:53.630937
"China Minsheng Banking Corp., Ltd.",BNK Banks,39,40,NO,"November 17, 2025",China Minsheng Banking,https://www.spglobal.com/sustainable1/en/scores/results?cid=4147552,2025-12-04T19:18:05.391540
"China National Nuclear Power Co., Ltd.",ELC Electric Utilities,18,24,NO,"August 16, 2024",China National Nuclear,https://www.spglobal.com/sustainable1/en/scores/results?cid=5000968,2025-12-04T19:18:42.891229
China Resources Beer (Holdings) Company Limited,BVG Beverages,38,40,NO,"August 23, 2024",China Resources,https://www.spglobal.com/sustainable1/en/scores/results?cid=4913706,2025-12-04T19:19:33.091050
"China Southern Power Grid Co.,Ltd.",ELC Electric Utilities,,,,,China Southern Power Grid,https://www.spglobal.com/sustainable1/en/scores/results?cid=6623651,2025-12-04T19:19:54.957106
China State Construction Engineering Corporation Limited,CON Construction & Engineering,28,29,NO,"July 22, 2025",China State Construction Engineering,https://www.spglobal.com/sustainable1/en/scores/results?cid=4990767,2025-12-04T19:20:10.624377
China United Network Communications Limited,TLS Telecommunication Services,24,26,NO,"July 31, 2025",China United Network Communications,https://www.spglobal.com/sustainable1/en/scores/results?cid=4999857,2025-12-04T19:20:34.786166
"China Vanke Co., Ltd.",REM Real Estate Management & Development,53,53,NO,"September 26, 2025",China Vanke,https://www.spglobal.com/sustainable1/en/scores/results?cid=4346255,2025-12-04T19:20:45.260863
Fuchs SE,CHM Chemicals,40,46,NO,"August 12, 2025",CHS,https://www.spglobal.com/sustainable1/en/scores/results?cid=4986464,2025-12-04T19:21:29.474350
The Cigna Group,HEA Health Care Providers & Services,45,45,NO,"November 25, 2025",Cigna,https://www.spglobal.com/sustainable1/en/scores/results?cid=103339,2025-12-04T19:21:45.178425
Citigroup Inc.,BNK Banks,34,37,NO,"July 11, 2025",Citigroup,https://www.spglobal.com/sustainable1/en/scores/results?cid=4041896,2025-12-04T19:22:09.903329
CJ Corporation,IDD Industrial Conglomerates,32,39,NO,"October 16, 2024",CJ Corp,https://www.spglobal.com/sustainable1/en/scores/results?cid=4090820,2025-12-04T19:22:22.918317
CK Hutchison Holdings Limited,IDD Industrial Conglomerates,38,47,NO,"August 16, 2024",CK Hutchison Holdings,https://www.spglobal.com/sustainable1/en/scores/results?cid=4210832,2025-12-04T19:22:38.053763
"COFCO Biotechnology Co., Ltd.",CHM Chemicals,,,,,COFCO,https://www.spglobal.com/sustainable1/en/scores/results?cid=4985680,2025-12-04T19:22:54.819922
Comcast Corporation,"PUB Media, Movies & Entertainment",25,32,NO,"October 28, 2024",Comcast,https://www.spglobal.com/sustainable1/en/scores/results?cid=4057180,2025-12-04T19:23:10.949341
"Compal Electronics, Inc.",THQ Computers & Peripherals and Office Electronics,87,87,NO,"September 26, 2025",Compal Electronics,https://www.spglobal.com/sustainable1/en/scores/results?cid=4967275,2025-12-04T19:23:21.882987
Compass Group PLC,REX Restaurants & Leisure Facilities,39,46,NO,"July 18, 2025",Compass Group,https://www.spglobal.com/sustainable1/en/scores/results?cid=4334416,2025-12-04T19:23:33.078286
ConocoPhillips,OGX Oil & Gas Upstream & Integrated,55,56,NO,"September 09, 2024",ConocoPhillips,https://www.spglobal.com/sustainable1/en/scores/results?cid=4980342,2025-12-04T19:23:43.907578
"Contemporary Amperex Technology Co., Limited",ELQ Electrical Components & Equipment,63,63,NO,"October 17, 2025",Contemporary Amperex Technology,https://www.spglobal.com/sustainable1/en/scores/results?cid=6582136,2025-12-04T19:23:56.151046
Continental Aerospace Technologies Holding Limited,ARO Aerospace & Defense,,,,,Continental,https://www.spglobal.com/sustainable1/en/scores/results?cid=4987526,2025-12-04T19:24:07.524482
"COSCO SHIPPING Development Co., Ltd.",TCD Trading Companies & Distributors,47,48,NO,"October 03, 2025",COSCO Shipping,https://www.spglobal.com/sustainable1/en/scores/results?cid=4994889,2025-12-04T19:24:30.138237
Costco Wholesale Corporation,FDR Food & Staples Retailing,31,36,NO,"July 18, 2025",Costco Wholesale,https://www.spglobal.com/sustainable1/en/scores/results?cid=4126080,2025-12-04T19:24:45.786454
Country Garden Holdings Company Limited,REM Real Estate Management & Development,,,,,Country Garden Holdings,https://www.spglobal.com/sustainable1/en/scores/results?cid=4182980,2025-12-04T19:24:56.889303
CRH Medical Corporation,HEA Health Care Providers & Services,,,,,CRH,https://www.spglobal.com/sustainable1/en/scores/results?cid=4811187,2025-12-04T19:25:22.087120
CVS Health Corporation,HEA Health Care Providers & Services,53,53,NO,"December 01, 2025",CVS Health,https://www.spglobal.com/sustainable1/en/scores/results?cid=4206348,2025-12-04T19:25:43.799264
Daimler Truck Holding AG,IEQ Machinery and Electrical Equipment,37,42,NO,"September 03, 2025",Daimler Truck Holding,https://www.spglobal.com/sustainable1/en/scores/results?cid=11235465,2025-12-04T19:26:08.790455
"Daiwa House Industry Co., Ltd.",REM Real Estate Management & Development,59,61,NO,"June 11, 2025",Daiwa House Industry,https://www.spglobal.com/sustainable1/en/scores/results?cid=4156506,2025-12-04T19:26:20.895996
Danaher Corporation,LIF Life Sciences Tools & Services,47,51,NO,"September 18, 2025",Danaher,https://www.spglobal.com/sustainable1/en/scores/results?cid=4810677,2025-12-04T19:26:32.907210
Deere & Company,IEQ Machinery and Electrical Equipment,44,47,NO,"July 07, 2025",Deere,https://www.spglobal.com/sustainable1/en/scores/results?cid=114526,2025-12-04T19:26:43.453573
Dell Technologies Inc.,THQ Computers & Peripherals and Office Electronics,37,46,NO,"September 24, 2024",Dell Technologies,https://www.spglobal.com/sustainable1/en/scores/results?cid=4625099,2025-12-04T19:26:54.955078
DENSO Corporation,ATX Auto Components,52,55,NO,"August 12, 2025",Denso,https://www.spglobal.com/sustainable1/en/scores/results?cid=4915629,2025-12-04T19:27:05.948374
Deutsche Bahn AG,TRA Transportation and Transportation Infrastructure,,,,,Deutsche Bahn,https://www.spglobal.com/sustainable1/en/scores/results?cid=4167157,2025-12-04T19:27:16.906088
Deutsche Telekom AG,TLS Telecommunication Services,76,77,NO,"October 10, 2025",Deutsche Telekom,https://www.spglobal.com/sustainable1/en/scores/results?cid=4066137,2025-12-04T19:27:29.054587
Dollar General Corporation,FDR Food & Staples Retailing,25,31,NO,"July 18, 2025",Dollar General,https://www.spglobal.com/sustainable1/en/scores/results?cid=4022058,2025-12-04T19:27:46.613598
Dongfeng Motor Group Company Limited,AUT Automobiles,32,37,NO,"August 21, 2025",Dongfeng Motor,https://www.spglobal.com/sustainable1/en/scores/results?cid=4915705,2025-12-04T19:27:57.897701
Dow Inc.,CHM Chemicals,78,78,NO,"April 01, 2025",Dow,https://www.spglobal.com/sustainable1/en/scores/results?cid=4209300,2025-12-04T19:28:09.096029
DSV A/S,TRA Transportation and Transportation Infrastructure,59,60,NO,"November 13, 2025",DSV,https://www.spglobal.com/sustainable1/en/scores/results?cid=4163305,2025-12-04T19:28:25.278641
Abeona Therapeutics Inc.,BTC Biotechnology,,,,,EON,https://www.spglobal.com/sustainable1/en/scores/results?cid=4812619,2025-12-04T19:28:35.976448
Ecopetrol S.A.,OGX Oil & Gas Upstream & Integrated,62,62,NO,"October 09, 2025",Ecopetrol,https://www.spglobal.com/sustainable1/en/scores/results?cid=4229355,2025-12-04T19:28:52.868242
"Elevance Health, Inc.",HEA Health Care Providers & Services,55,55,NO,"October 27, 2025",Elevance Health,https://www.spglobal.com/sustainable1/en/scores/results?cid=4072364,2025-12-04T19:29:43.942529
"Relo Group, Inc.",REM Real Estate Management & Development,,,,,ELO Group,https://www.spglobal.com/sustainable1/en/scores/results?cid=4863457,2025-12-04T19:29:54.897769
Enbridge Inc.,PIP Oil & Gas Storage & Transportation,61,62,NO,"December 03, 2025",Enbridge,https://www.spglobal.com/sustainable1/en/scores/results?cid=4089108,2025-12-04T19:30:07.321218
Energy Transfer LP,PIP Oil & Gas Storage & Transportation,18,20,NO,"April 09, 2025",Energy Transfer,https://www.spglobal.com/sustainable1/en/scores/results?cid=4111501,2025-12-04T19:31:09.896339
Engie Brasil Energia S.A.,ELC Electric Utilities,88,88,NO,"September 12, 2025",Engie,https://www.spglobal.com/sustainable1/en/scores/results?cid=5001449,2025-12-04T19:31:20.348476
Eni Plenitude S.P.A. Societa' Benefit,ELC Electric Utilities,51,52,NO,"March 20, 2025",ENI,https://www.spglobal.com/sustainable1/en/scores/results?cid=7040116,2025-12-04T19:31:35.635968
Enterprise Products Partners L.P.,PIP Oil & Gas Storage & Transportation,,,,,Enterprise Products Partners,https://www.spglobal.com/sustainable1/en/scores/results?cid=4059899,2025-12-04T19:31:50.467695
Equinor ASA,OGX Oil & Gas Upstream & Integrated,44,48,NO,"July 18, 2025",Equinor,https://www.spglobal.com/sustainable1/en/scores/results?cid=4204408,2025-12-04T19:32:02.091300
Exxon Mobil Corporation,OGX Oil & Gas Upstream & Integrated,32,36,NO,"September 11, 2025",Exxon Mobil,https://www.spglobal.com/sustainable1/en/scores/results?cid=3007562,2025-12-04T19:32:19.872861
FedEx Corporation,TRA Transportation and Transportation Infrastructure,26,31,NO,"April 03, 2025",FedEx,https://www.spglobal.com/sustainable1/en/scores/results?cid=4379438,2025-12-04T19:32:38.892366
Ford Motor Company,AUT Automobiles,38,43,NO,"November 11, 2025",Ford Motor,https://www.spglobal.com/sustainable1/en/scores/results?cid=113873,2025-12-04T19:32:55.507586
Public Joint Stock Company Gazprom,OGX Oil & Gas Upstream & Integrated,,,,,Gazprom,https://www.spglobal.com/sustainable1/en/scores/results?cid=4157223,2025-12-04T19:33:19.985053
General Dynamics Corporation,ARO Aerospace & Defense,28,35,NO,"September 25, 2025",General Dynamics,https://www.spglobal.com/sustainable1/en/scores/results?cid=4040505,2025-12-04T19:33:35.652337
General Electric Company,ARO Aerospace & Defense,37,43,NO,"September 02, 2025",General Electric,https://www.spglobal.com/sustainable1/en/scores/results?cid=114527,2025-12-04T19:33:46.848445
General Motors Company,AUT Automobiles,44,47,NO,"August 27, 2025",General Motors,https://www.spglobal.com/sustainable1/en/scores/results?cid=4272273,2025-12-04T19:34:03.938455
Glencore plc,MNX Metals & Mining,19,19,NO,"October 07, 2025",Glencore,https://www.spglobal.com/sustainable1/en/scores/results?cid=4113732,2025-12-04T19:34:14.852050
"The Goldman Sachs Group, Inc.",FBN Diversified Financial Services and Capital Markets,34,39,NO,"October 28, 2024",Goldman Sachs Group,https://www.spglobal.com/sustainable1/en/scores/results?cid=4039450,2025-12-04T19:34:25.912083
GSK plc,DRG Pharmaceuticals,76,76,NO,"May 01, 2025",GSK,https://www.spglobal.com/sustainable1/en/scores/results?cid=4806213,2025-12-04T19:35:03.837385
"Guangxi Investment Group Co.,Ltd",FBN Diversified Financial Services and Capital Markets,,,,,Guangxi Investment Group,https://www.spglobal.com/sustainable1/en/scores/results?cid=4494757,2025-12-04T19:35:15.913739
"Haier Smart Home Co., Ltd.",DHP Household Durables,37,42,NO,"February 03, 2025",Haier Smart Home,https://www.spglobal.com/sustainable1/en/scores/results?cid=4682417,2025-12-04T19:35:53.276676
"Hanwha Aerospace Co., Ltd.",ARO Aerospace & Defense,40,48,NO,"October 18, 2024",Hanwha,https://www.spglobal.com/sustainable1/en/scores/results?cid=4987560,2025-12-04T19:36:11.335158
"HD Hyundai Co., Ltd.",OGR Oil & Gas Refining & Marketing,31,35,NO,"October 06, 2025",HD Hyundai,https://www.spglobal.com/sustainable1/en/scores/results?cid=5989190,2025-12-04T19:36:40.787002
HF Sinclair Corporation,OGR Oil & Gas Refining & Marketing,34,39,NO,"November 26, 2025",HF Sinclair,https://www.spglobal.com/sustainable1/en/scores/results?cid=4010647,2025-12-04T19:37:02.546069
Hitachi Capital Corporation,FBN Diversified Financial Services and Capital Markets,,,,,Hitachi,https://www.spglobal.com/sustainable1/en/scores/results?cid=4090684,2025-12-04T19:37:13.837210
"The Home Depot, Inc.",RTS Retailing,34,39,NO,"October 30, 2025",Home Depot,https://www.spglobal.com/sustainable1/en/scores/results?cid=4004135,2025-12-04T19:37:29.349156
"Hon Hai Precision Industry Co., Ltd.","ITC Electronic Equipment, Instruments & Components",76,76,NO,"November 28, 2025",Hon Hai Precision Industry,https://www.spglobal.com/sustainable1/en/scores/results?cid=4406620,2025-12-04T19:37:40.450475
Honeywell International Inc.,IDD Industrial Conglomerates,36,39,NO,"November 21, 2025",Honeywell International,https://www.spglobal.com/sustainable1/en/scores/results?cid=4121346,2025-12-04T19:37:51.542037
HP Inc.,THQ Computers & Peripherals and Office Electronics,76,77,NO,"February 10, 2025",HP,https://www.spglobal.com/sustainable1/en/scores/results?cid=105223,2025-12-04T19:38:02.787878
HSBC Holdings plc,BNK Banks,56,58,NO,"March 04, 2025",HSBC Holdings,https://www.spglobal.com/sustainable1/en/scores/results?cid=113876,2025-12-04T19:38:18.405830
Humana AB (publ),HEA Health Care Providers & Services,32,36,NO,"September 26, 2025",Humana,https://www.spglobal.com/sustainable1/en/scores/results?cid=4811329,2025-12-04T19:38:36.483488
"Hyundai Mobis Co.,Ltd",ATX Auto Components,74,74,NO,"November 17, 2025",Hyundai Mobis,https://www.spglobal.com/sustainable1/en/scores/results?cid=4554407,2025-12-04T19:38:58.515679
Hyundai Motor Company,AUT Automobiles,70,70,NO,"October 02, 2025",Hyundai Motor,https://www.spglobal.com/sustainable1/en/scores/results?cid=4045329,2025-12-04T19:39:09.771500
Iberdrola Australia Limited,ELC Electric Utilities,,,,,Iberdrola,https://www.spglobal.com/sustainable1/en/scores/results?cid=4143123,2025-12-04T19:39:25.294745
Indian Oil Corporation Limited,OGR Oil & Gas Refining & Marketing,60,61,NO,"December 03, 2025",Indian Oil,https://www.spglobal.com/sustainable1/en/scores/results?cid=4157473,2025-12-04T19:40:20.135174
Ledesma Sociedad Anónima Agrícola Industrial,FOA Food Products,,,,,Industrial  Commercial Bank of China,https://www.spglobal.com/sustainable1/en/scores/results?cid=4910522,2025-12-04T19:40:30.721812
"Industrial Bank Co., Ltd.",BNK Banks,40,42,NO,"February 21, 2025",Industrial Bank,https://www.spglobal.com/sustainable1/en/scores/results?cid=4293437,2025-12-04T19:40:41.772288
Intel Corporation,SEM Semiconductors & Semiconductor Equipment,58,60,NO,"October 08, 2024",Intel,https://www.spglobal.com/sustainable1/en/scores/results?cid=4025746,2025-12-04T19:41:35.827167
Intesa Sanpaolo S.p.A.,BNK Banks,88,88,NO,"August 25, 2025",Intesa Sanpaolo,https://www.spglobal.com/sustainable1/en/scores/results?cid=4100801,2025-12-04T19:41:53.083664
J Sainsbury plc,FDR Food & Staples Retailing,45,48,NO,"September 25, 2025",J Sainsbury,https://www.spglobal.com/sustainable1/en/scores/results?cid=4237911,2025-12-04T19:42:10.518258
Jabil Inc.,"ITC Electronic Equipment, Instruments & Components",44,49,NO,"July 18, 2025",Jabil,https://www.spglobal.com/sustainable1/en/scores/results?cid=4069059,2025-12-04T19:42:21.642824
Jardine Matheson Holdings Limited,IDD Industrial Conglomerates,57,58,NO,"November 13, 2025",Jardine Matheson,https://www.spglobal.com/sustainable1/en/scores/results?cid=4020834,2025-12-04T19:42:32.856460
Jiangxi Copper Company Limited,MNX Metals & Mining,32,33,NO,"October 07, 2025",Jiangxi Copper,https://www.spglobal.com/sustainable1/en/scores/results?cid=4351423,2025-12-04T19:43:34.648297
Jinchuan Group International Resources Co. Ltd,MNX Metals & Mining,,,,,Jinchuan Group,https://www.spglobal.com/sustainable1/en/scores/results?cid=4361447,2025-12-04T19:43:46.143809
JPMorgan Chase & Co.,BNK Banks,30,33,NO,"March 27, 2025",JPMorgan Chase,https://www.spglobal.com/sustainable1/en/scores/results?cid=100201,2025-12-04T19:44:03.190532
KB Financial Group Inc.,BNK Banks,83,83,NO,"November 19, 2025",KB Financial Group,https://www.spglobal.com/sustainable1/en/scores/results?cid=4217809,2025-12-04T19:44:14.027620
KDDI Corporation,TLS Telecommunication Services,80,80,NO,"November 14, 2025",KDDI,https://www.spglobal.com/sustainable1/en/scores/results?cid=4162702,2025-12-04T19:44:25.395726
Alarko Holding A.S.,IDD Industrial Conglomerates,28,36,NO,"February 10, 2025",Ko Holding,https://www.spglobal.com/sustainable1/en/scores/results?cid=4236925,2025-12-04T19:44:36.460440
Korea Electric Power Corporation,ELC Electric Utilities,76,77,NO,"October 17, 2025",Korea Electric Power,https://www.spglobal.com/sustainable1/en/scores/results?cid=4157507,2025-12-04T19:44:52.031127
The Kroger Co.,FDR Food & Staples Retailing,36,44,NO,"July 16, 2025",Kroger,https://www.spglobal.com/sustainable1/en/scores/results?cid=4004136,2025-12-04T19:45:44.850408
La Poste SA,TRA Transportation and Transportation Infrastructure,,,,,La Poste,https://www.spglobal.com/sustainable1/en/scores/results?cid=4090843,2025-12-04T19:45:55.728307
Lennar Corporation,HOM Homebuilding,17,25,NO,"August 16, 2024",Lennar,https://www.spglobal.com/sustainable1/en/scores/results?cid=4054537,2025-12-04T19:46:06.705570
Lenovo Group Limited,THQ Computers & Peripherals and Office Electronics,55,58,NO,"October 08, 2025",Lenovo,https://www.spglobal.com/sustainable1/en/scores/results?cid=4329903,2025-12-04T19:46:18.208871
"LG Chem, Ltd.",CHM Chemicals,58,59,NO,"November 19, 2025",LG Chem,https://www.spglobal.com/sustainable1/en/scores/results?cid=4336566,2025-12-04T19:46:29.124833
Lockheed Martin Corporation,ARO Aerospace & Defense,51,54,NO,"September 12, 2025",Lockheed Martin,https://www.spglobal.com/sustainable1/en/scores/results?cid=4004271,2025-12-04T19:47:20.540849
"Luxshare Precision Industry Co., Ltd.","ITC Electronic Equipment, Instruments & Components",45,50,NO,"August 16, 2024",Luxshare Precision Industry,https://www.spglobal.com/sustainable1/en/scores/results?cid=4991320,2025-12-04T19:48:31.279250
LyondellBasell Industries N.V.,CHM Chemicals,61,61,NO,"September 12, 2025",LyondellBasell Industries,https://www.spglobal.com/sustainable1/en/scores/results?cid=4986300,2025-12-04T19:48:42.290078
"Magnite, Inc.","PUB Media, Movies & Entertainment",,,,,Magnit,https://www.spglobal.com/sustainable1/en/scores/results?cid=4274604,2025-12-04T19:48:59.644512
Marathon Petroleum Corporation,OGR Oil & Gas Refining & Marketing,51,51,NO,"October 24, 2025",Marathon Petroleum,https://www.spglobal.com/sustainable1/en/scores/results?cid=4136924,2025-12-04T19:49:15.213137
Marubeni Corporation,TCD Trading Companies & Distributors,48,53,NO,"August 16, 2024",Marubeni,https://www.spglobal.com/sustainable1/en/scores/results?cid=4041871,2025-12-04T19:49:26.336694
Massachusetts Mutual Life Insurance Company,INS Insurance,,,,,Massachusetts Mutual Life,https://www.spglobal.com/sustainable1/en/scores/results?cid=110235,2025-12-04T19:49:37.670812
Medtronic plc,MTC Health Care Equipment & Supplies,58,58,NO,"October 06, 2025",Medtronic,https://www.spglobal.com/sustainable1/en/scores/results?cid=4806212,2025-12-04T19:49:48.628298
Meiji Yasuda Life Insurance Company,INS Insurance,,,,,Meiji Yasuda Life Insurance,https://www.spglobal.com/sustainable1/en/scores/results?cid=4005681,2025-12-04T19:49:59.686593
"Meta Platforms, Inc.","IMS Interactive Media, Services & Home Entertainment",26,30,NO,"December 03, 2025",Meta Platforms,https://www.spglobal.com/sustainable1/en/scores/results?cid=4144156,2025-12-04T19:50:25.060308
"MetLife, Inc.",INS Insurance,49,49,NO,"November 21, 2025",MetLife,https://www.spglobal.com/sustainable1/en/scores/results?cid=4051708,2025-12-04T19:50:35.964998
Metro AG,FDR Food & Staples Retailing,44,48,NO,"July 25, 2025",Metro,https://www.spglobal.com/sustainable1/en/scores/results?cid=5983698,2025-12-04T19:50:46.936818
Microsoft Corporation,SOF Software,48,51,NO,"November 03, 2025",Microsoft,https://www.spglobal.com/sustainable1/en/scores/results?cid=4004214,2025-12-04T19:51:01.945825
"Mitsubishi Heavy Industries, Ltd.",IEQ Machinery and Electrical Equipment,65,65,NO,"September 24, 2025",Mitsubishi Heavy Industries,https://www.spglobal.com/sustainable1/en/scores/results?cid=4103008,2025-12-04T19:51:12.836726
"Mitsubishi UFJ Financial Group, Inc.",BNK Banks,58,59,NO,"November 26, 2025",Mitsubishi UFJ Financial Group,https://www.spglobal.com/sustainable1/en/scores/results?cid=4115073,2025-12-04T19:51:23.871259
"Mitsui & Co., Ltd.",TCD Trading Companies & Distributors,62,64,NO,"July 11, 2025",Mitsui,https://www.spglobal.com/sustainable1/en/scores/results?cid=4086798,2025-12-04T19:51:34.975903
"Mizuho Financial Group, Inc.",BNK Banks,73,73,NO,"October 03, 2025",Mizuho Financial Group,https://www.spglobal.com/sustainable1/en/scores/results?cid=4087990,2025-12-04T19:51:50.233413
"Molina Healthcare, Inc.",HEA Health Care Providers & Services,28,31,NO,"July 18, 2025",Molina Healthcare,https://www.spglobal.com/sustainable1/en/scores/results?cid=4080702,2025-12-04T19:52:01.290030
"Mondelez International, Inc.",FOA Food Products,61,62,NO,"July 30, 2025",Mondelez International,https://www.spglobal.com/sustainable1/en/scores/results?cid=4060931,2025-12-04T19:52:12.563226
Morgan Stanley,FBN Diversified Financial Services and Capital Markets,37,41,NO,"February 05, 2025",Morgan Stanley,https://www.spglobal.com/sustainable1/en/scores/results?cid=103042,2025-12-04T19:52:23.811013
Nationwide Building Society,FBN Diversified Financial Services and Capital Markets,64,64,NO,"November 19, 2025",Nationwide,https://www.spglobal.com/sustainable1/en/scores/results?cid=4145082,2025-12-04T19:52:47.551713
Nestlé (Malaysia) Berhad,FOA Food Products,42,50,NO,"July 18, 2025",Nestl,https://www.spglobal.com/sustainable1/en/scores/results?cid=4910306,2025-12-04T19:52:58.592017
"Netflix, Inc.","PUB Media, Movies & Entertainment",24,27,NO,"October 30, 2025",Netflix,https://www.spglobal.com/sustainable1/en/scores/results?cid=4104060,2025-12-04T19:53:14.174127
New China Life Insurance Company Ltd.,INS Insurance,26,28,NO,"September 01, 2025",New China Life Insurance,https://www.spglobal.com/sustainable1/en/scores/results?cid=4329576,2025-12-04T19:53:25.269654
New York Life Insurance Company,INS Insurance,,,,,New York Life Insurance,https://www.spglobal.com/sustainable1/en/scores/results?cid=110248,2025-12-04T19:53:42.883754
"NIKE, Inc.","TEX Textiles, Apparel & Luxury Goods",37,45,NO,"December 10, 2024",Nike,https://www.spglobal.com/sustainable1/en/scores/results?cid=4004236,2025-12-04T19:53:53.828213
Nippon Life Insurance Company,INS Insurance,,,,,Nippon Life Insurance,https://www.spglobal.com/sustainable1/en/scores/results?cid=4054422,2025-12-04T19:54:04.831544
"Nissan Motor Co., Ltd.",AUT Automobiles,45,52,NO,"April 16, 2025",Nissan Motor,https://www.spglobal.com/sustainable1/en/scores/results?cid=4001583,2025-12-04T19:54:15.655738
Northrop Grumman Corporation,ARO Aerospace & Defense,42,47,NO,"July 21, 2025",Northrop Grumman,https://www.spglobal.com/sustainable1/en/scores/results?cid=4069910,2025-12-04T19:54:30.992935
The Northwestern Mutual Life Insurance Company,INS Insurance,,,,,Northwestern Mutual,https://www.spglobal.com/sustainable1/en/scores/results?cid=15866,2025-12-04T19:54:41.576776
"NRG Energy, Inc.",ELC Electric Utilities,32,38,NO,"September 25, 2024",NRG Energy,https://www.spglobal.com/sustainable1/en/scores/results?cid=4057436,2025-12-04T19:55:30.123393
Nucor Corporation,STL Steel,27,34,NO,"September 01, 2025",Nucor,https://www.spglobal.com/sustainable1/en/scores/results?cid=4121108,2025-12-04T19:55:47.939480
Nutrien Ltd.,CHM Chemicals,46,49,NO,"July 28, 2025",Nutrien,https://www.spglobal.com/sustainable1/en/scores/results?cid=7515551,2025-12-04T19:55:58.870920
Occidental Petroleum Corporation,OGX Oil & Gas Upstream & Integrated,30,32,NO,"May 28, 2025",Occidental Petroleum,https://www.spglobal.com/sustainable1/en/scores/results?cid=4010841,2025-12-04T19:56:13.851396
PJSC LUKOIL,MNX Metals & Mining,,,,,Oil  Natural Gas,https://www.spglobal.com/sustainable1/en/scores/results?cid=4351923,2025-12-04T19:56:24.818647
Olam Group Limited,FDR Food & Staples Retailing,,,,,Olam Group,https://www.spglobal.com/sustainable1/en/scores/results?cid=4911439,2025-12-04T19:56:35.882644
Oracle Corporation,SOF Software,33,38,NO,"May 26, 2025",Oracle,https://www.spglobal.com/sustainable1/en/scores/results?cid=4041363,2025-12-04T19:56:53.078196
Orange Belgium S.A.,TLS Telecommunication Services,,,,,Orange,https://www.spglobal.com/sustainable1/en/scores/results?cid=4999947,2025-12-04T19:57:08.865491
Panasonic Holdings Corporation,LEG Leisure Equipment & Products and Consumer Electronics,42,49,NO,"September 09, 2025",Panasonic Holdings,https://www.spglobal.com/sustainable1/en/scores/results?cid=4241641,2025-12-04T19:57:31.462265
PBF Energy Inc.,OGR Oil & Gas Refining & Marketing,,,,,PBF Energy,https://www.spglobal.com/sustainable1/en/scores/results?cid=4435414,2025-12-04T19:57:48.905083
Performance Food Group Company,FDR Food & Staples Retailing,28,35,NO,"July 18, 2025",Performance Food Group,https://www.spglobal.com/sustainable1/en/scores/results?cid=4930148,2025-12-04T19:58:12.896753
PT Pertamina (Persero),OGX Oil & Gas Upstream & Integrated,,,,,Pertamina,https://www.spglobal.com/sustainable1/en/scores/results?cid=4187907,2025-12-04T19:58:23.674369
Petróleo Brasileiro S.A. - Petrobras,OGX Oil & Gas Upstream & Integrated,71,71,NO,"October 13, 2025",Petrobras,https://www.spglobal.com/sustainable1/en/scores/results?cid=4102724,2025-12-04T19:58:38.771510
PETRONAS Chemicals Group Berhad,CHM Chemicals,67,67,NO,"November 05, 2025",Petronas,https://www.spglobal.com/sustainable1/en/scores/results?cid=4986616,2025-12-04T19:58:49.668326
Pfizer Inc.,DRG Pharmaceuticals,35,40,YES,"September 01, 2025",Pfizer,https://www.spglobal.com/sustainable1/en/scores/results?cid=3009080,2025-12-04T19:59:05.111111
Philip Morris International Inc.,TOB Tobacco,74,74,NO,"September 18, 2025",Philip Morris International,https://www.spglobal.com/sustainable1/en/scores/results?cid=4913068,2025-12-04T19:59:20.414370
Phillips 66,OGR Oil & Gas Refining & Marketing,40,41,NO,"August 08, 2025",Phillips 66,https://www.spglobal.com/sustainable1/en/scores/results?cid=4095021,2025-12-04T19:59:31.295988
"Ping An Insurance (Group) Company of China, Ltd.",INS Insurance,52,52,NO,"October 08, 2024",Ping An Insurance,https://www.spglobal.com/sustainable1/en/scores/results?cid=4179619,2025-12-04T19:59:53.081954
The Progressive Corporation,INS Insurance,24,28,NO,"May 08, 2025",Progressive,https://www.spglobal.com/sustainable1/en/scores/results?cid=103383,2025-12-04T20:01:07.843890
PTT Exploration and Production Public Company Limited,OGX Oil & Gas Upstream & Integrated,61,61,NO,"November 28, 2025",PTT,https://www.spglobal.com/sustainable1/en/scores/results?cid=4157530,2025-12-04T20:01:25.439920
QUALCOMM Incorporated,SEM Semiconductors & Semiconductor Equipment,56,57,NO,"October 27, 2025",Qualcomm,https://www.spglobal.com/sustainable1/en/scores/results?cid=4062496,2025-12-04T20:01:47.442498
Quanta Computer Inc.,THQ Computers & Peripherals and Office Electronics,58,59,NO,"November 03, 2025",Quanta Computer,https://www.spglobal.com/sustainable1/en/scores/results?cid=4966468,2025-12-04T20:01:58.151996
Rajesh Exports Limited,"TEX Textiles, Apparel & Luxury Goods",,,,,Rajesh Exports,https://www.spglobal.com/sustainable1/en/scores/results?cid=4911322,2025-12-04T20:02:15.596444
"Repsol, S.A.",OGX Oil & Gas Upstream & Integrated,50,53,YES,"September 25, 2025",Repsol,https://www.spglobal.com/sustainable1/en/scores/results?cid=4549795,2025-12-04T20:03:04.154557
Rio Tinto Group,MNX Metals & Mining,44,44,NO,"September 30, 2025",Rio Tinto Group,https://www.spglobal.com/sustainable1/en/scores/results?cid=4149660,2025-12-04T20:03:15.206581
RWE Aktiengesellschaft,ELC Electric Utilities,54,58,NO,"August 27, 2025",RWE,https://www.spglobal.com/sustainable1/en/scores/results?cid=4210654,2025-12-04T20:03:32.435465
SAIC Motor Corporation Limited,AUT Automobiles,13,17,NO,"August 16, 2024",SAIC Motor,https://www.spglobal.com/sustainable1/en/scores/results?cid=4325238,2025-12-04T20:03:54.209102
"Salesforce, Inc.",SOF Software,57,61,NO,"September 27, 2024",Salesforce,https://www.spglobal.com/sustainable1/en/scores/results?cid=4205848,2025-12-04T20:04:11.338880
"Samsung Life Insurance Co., Ltd.",INS Insurance,58,58,NO,"September 19, 2025",Samsung Life Insurance,https://www.spglobal.com/sustainable1/en/scores/results?cid=4111916,2025-12-04T20:04:28.310225
Sanofi,DRG Pharmaceuticals,58,58,YES,"June 30, 2025",Sanofi,https://www.spglobal.com/sustainable1/en/scores/results?cid=4404124,2025-12-04T20:04:39.696838
SAP SE,SOF Software,55,56,NO,"September 29, 2025",SAP,https://www.spglobal.com/sustainable1/en/scores/results?cid=4207967,2025-12-04T20:04:54.738805
Saudi Aramco Base Oil Company - Luberef,CHM Chemicals,10,18,NO,"August 16, 2024",Saudi Aramco,https://www.spglobal.com/sustainable1/en/scores/results?cid=7090044,2025-12-04T20:05:11.281088
Sberbank of Russia,BNK Banks,,,,,Sberbank,https://www.spglobal.com/sustainable1/en/scores/results?cid=4144827,2025-12-04T20:05:22.603669
"Shanghai Pharmaceuticals Holding Co., Ltd",HEA Health Care Providers & Services,27,28,NO,"January 16, 2025",Shanghai Pharmaceuticals Holding,https://www.spglobal.com/sustainable1/en/scores/results?cid=4811424,2025-12-04T20:06:25.512089
"Shanghai Pudong Development Bank Co., Ltd.",BNK Banks,21,23,NO,"April 15, 2025",Shanghai Pudong Development Bank,https://www.spglobal.com/sustainable1/en/scores/results?cid=4147556,2025-12-04T20:06:36.514100
Shell Pilipinas Corporation,OGR Oil & Gas Refining & Marketing,,,,,Shell,https://www.spglobal.com/sustainable1/en/scores/results?cid=4976614,2025-12-04T20:07:19.845515
"Shougang Group Co.,Ltd",STL Steel,,,,,Shougang Group,https://www.spglobal.com/sustainable1/en/scores/results?cid=4331778,2025-12-04T20:07:48.908038
Siemens Energy AG,IEQ Machinery and Electrical Equipment,52,56,NO,"July 18, 2025",Siemens Energy,https://www.spglobal.com/sustainable1/en/scores/results?cid=25689924,2025-12-04T20:08:06.395538
Siemens Aktiengesellschaft,IDD Industrial Conglomerates,79,79,NO,"November 07, 2024",Siemens,https://www.spglobal.com/sustainable1/en/scores/results?cid=4164886,2025-12-04T20:08:17.340244
SK hynix Inc.,SEM Semiconductors & Semiconductor Equipment,53,56,NO,"October 28, 2024",SK Hynix,https://www.spglobal.com/sustainable1/en/scores/results?cid=4724225,2025-12-04T20:08:45.753075
"SK Biopharmaceuticals Co., Ltd.",DRG Pharmaceuticals,63,64,NO,"November 19, 2025",SK,https://www.spglobal.com/sustainable1/en/scores/results?cid=5222956,2025-12-04T20:08:57.257120
"Sompo Holdings, Inc.",INS Insurance,70,70,NO,"November 26, 2025",Sompo Holdings,https://www.spglobal.com/sustainable1/en/scores/results?cid=4254889,2025-12-04T20:09:19.165321
State Power Investment Corporation Limited,ELC Electric Utilities,,,,,State Power Investment,https://www.spglobal.com/sustainable1/en/scores/results?cid=4847233,2025-12-04T20:10:13.799181
Sumitomo Life Insurance Company,INS Insurance,,,,,Sumitomo Life Insurance,https://www.spglobal.com/sustainable1/en/scores/results?cid=4048741,2025-12-04T20:10:25.812378
"Sumitomo Mitsui Financial Group, Inc.",BNK Banks,49,49,NO,"August 20, 2025",Sumitomo Mitsui Financial Group,https://www.spglobal.com/sustainable1/en/scores/results?cid=4086518,2025-12-04T20:10:36.772844
Sumitomo Bakelite Company Limited,CHM Chemicals,,,,,Sumitomo,https://www.spglobal.com/sustainable1/en/scores/results?cid=6333320,2025-12-04T20:10:47.795853
Suncor Energy Inc.,OGX Oil & Gas Upstream & Integrated,43,45,NO,"August 19, 2025",Suncor Energy,https://www.spglobal.com/sustainable1/en/scores/results?cid=4011073,2025-12-04T20:11:03.693173
Suzuki Motor Corporation,AUT Automobiles,32,37,NO,"April 16, 2025",Suzuki Motor,https://www.spglobal.com/sustainable1/en/scores/results?cid=4911828,2025-12-04T20:11:23.250397
Swiss Re AG,INS Insurance,61,62,NO,"October 17, 2024",Swiss Re,https://www.spglobal.com/sustainable1/en/scores/results?cid=4290308,2025-12-04T20:11:34.262352
Sysco Corporation,FDR Food & Staples Retailing,31,38,NO,"October 27, 2025",Sysco,https://www.spglobal.com/sustainable1/en/scores/results?cid=4064204,2025-12-04T20:11:45.348585
TD SYNNEX Corporation,"ITC Electronic Equipment, Instruments & Components",29,34,NO,"November 03, 2025",TD Synnex,https://www.spglobal.com/sustainable1/en/scores/results?cid=4149366,2025-12-04T20:12:03.176024
Tencent Holdings Limited,"IMS Interactive Media, Services & Home Entertainment",61,61,NO,"November 13, 2025",Tencent Holdings,https://www.spglobal.com/sustainable1/en/scores/results?cid=4329847,2025-12-04T20:12:20.708317
Tesco PLC,FDR Food & Staples Retailing,49,56,NO,"July 18, 2025",Tesco,https://www.spglobal.com/sustainable1/en/scores/results?cid=4087448,2025-12-04T20:12:32.879833
"Tesla, Inc.",AUT Automobiles,27,30,NO,"November 28, 2025",Tesla,https://www.spglobal.com/sustainable1/en/scores/results?cid=4574287,2025-12-04T20:13:14.535063
thyssenkrupp AG,STL Steel,,,,,ThyssenKrupp,https://www.spglobal.com/sustainable1/en/scores/results?cid=4260547,2025-12-04T20:13:25.760346
"The TJX Companies, Inc.",RTS Retailing,29,36,NO,"October 09, 2025",TJX,https://www.spglobal.com/sustainable1/en/scores/results?cid=4074192,2025-12-04T20:13:49.689108
"Tokio Marine Holdings, Inc.",INS Insurance,71,71,NO,"November 21, 2025",Tokio Marine Holdings,https://www.spglobal.com/sustainable1/en/scores/results?cid=4090200,2025-12-04T20:14:01.872600
"Tokyo Electric Power Company Holdings, Incorporated",ELC Electric Utilities,51,51,NO,"August 21, 2025",Tokyo Electric Power,https://www.spglobal.com/sustainable1/en/scores/results?cid=4065378,2025-12-04T20:14:13.164669
"Tongling Nonferrous Metals Group Co.,Ltd.",MNX Metals & Mining,12,16,NO,"July 24, 2025",TongLing Nonferrous Metals Group,https://www.spglobal.com/sustainable1/en/scores/results?cid=4314727,2025-12-04T20:14:24.374418
TotalEnergies Marketing Maroc S.A.,RTS Retailing,,,,,TotalEnergies,https://www.spglobal.com/sustainable1/en/scores/results?cid=4976646,2025-12-04T20:14:36.130585
Toyota Motor Corporation,AUT Automobiles,44,48,NO,"April 21, 2025",Toyota Motor,https://www.spglobal.com/sustainable1/en/scores/results?cid=114521,2025-12-04T20:14:52.333250
Toyota Tsusho Corporation,TCD Trading Companies & Distributors,69,69,NO,"November 13, 2025",Toyota Tsusho,https://www.spglobal.com/sustainable1/en/scores/results?cid=4162612,2025-12-04T20:15:04.502200
"Tyson Foods, Inc.",FOA Food Products,28,33,NO,"November 17, 2025",Tyson Foods,https://www.spglobal.com/sustainable1/en/scores/results?cid=3009699,2025-12-04T20:15:43.817185
Unilever PLC,COS Personal Products,47,50,NO,"October 24, 2025",Unilever,https://www.spglobal.com/sustainable1/en/scores/results?cid=4004199,2025-12-04T20:16:02.584769
Uniper SE,ELC Electric Utilities,,,,,Uniper,https://www.spglobal.com/sustainable1/en/scores/results?cid=5000904,2025-12-04T20:16:19.802083
UnitedHealth Group Incorporated,HEA Health Care Providers & Services,44,44,NO,"April 29, 2025",UnitedHealth Group,https://www.spglobal.com/sustainable1/en/scores/results?cid=111568,2025-12-04T20:16:36.649769
Valero Energy Corporation,OGR Oil & Gas Refining & Marketing,38,43,NO,"September 05, 2025",Valero Energy,https://www.spglobal.com/sustainable1/en/scores/results?cid=4011157,2025-12-04T20:17:31.007727
Vale S.A.,STL Steel,38,38,NO,"September 23, 2025",Vale,https://www.spglobal.com/sustainable1/en/scores/results?cid=4223919,2025-12-04T20:17:43.104377
Veolia Environnement SA,MUW Multi and Water Utilities,80,80,NO,"November 20, 2025",Veolia Environnement,https://www.spglobal.com/sustainable1/en/scores/results?cid=4157432,2025-12-04T20:18:00.166629
Verizon Communications Inc.,TLS Telecommunication Services,32,37,NO,"July 16, 2025",Verizon Communications,https://www.spglobal.com/sustainable1/en/scores/results?cid=4057229,2025-12-04T20:18:12.774630
Vibra Energia S.A.,RTS Retailing,61,62,NO,"October 08, 2025",Vibra Energia,https://www.spglobal.com/sustainable1/en/scores/results?cid=6333319,2025-12-04T20:18:24.111686
Vodafone Group Public Limited Company,TLS Telecommunication Services,51,54,NO,"November 11, 2025",Vodafone Group,https://www.spglobal.com/sustainable1/en/scores/results?cid=4135789,2025-12-04T20:18:36.237432
Volkswagen AG,AUT Automobiles,43,44,NO,"November 26, 2025",Volkswagen,https://www.spglobal.com/sustainable1/en/scores/results?cid=4076524,2025-12-04T20:18:48.103419
Volkswagen AG,AUT Automobiles,43,44,NO,"November 26, 2025",Volkswagen AG,https://www.spglobal.com/sustainable1/en/scores/results?cid=4076524,2025-12-04T20:18:58.489316
"Walgreens Boots Alliance, Inc.",FDR Food & Staples Retailing,49,50,NO,"July 23, 2025",Walgreens Boots Alliance,https://www.spglobal.com/sustainable1/en/scores/results?cid=4695380,2025-12-04T20:19:47.127277
Walmart Inc.,FDR Food & Staples Retailing,49,50,NO,"August 21, 2025",Walmart,https://www.spglobal.com/sustainable1/en/scores/results?cid=3005566,2025-12-04T20:19:58.443161
The Walt Disney Company,"PUB Media, Movies & Entertainment",40,42,NO,"September 10, 2025",Walt Disney,https://www.spglobal.com/sustainable1/en/scores/results?cid=4097175,2025-12-04T20:20:11.203666
Wells Fargo & Company,BNK Banks,35,38,NO,"June 09, 2025",Wells Fargo,https://www.spglobal.com/sustainable1/en/scores/results?cid=100382,2025-12-04T20:20:24.295608
Wilmar International Limited,FOA Food Products,66,67,NO,"December 01, 2025",Wilmar International,https://www.spglobal.com/sustainable1/en/scores/results?cid=4912210,2025-12-04T20:20:35.919064
Woolworths Group Limited,FDR Food & Staples Retailing,38,46,NO,"January 09, 2025",Woolworths Group,https://www.spglobal.com/sustainable1/en/scores/results?cid=4190764,2025-12-04T20:20:48.558949
World Kinect Corporation,OGR Oil & Gas Refining & Marketing,,,,,World Kinect,https://www.spglobal.com/sustainable1/en/scores/results?cid=4977010,2025-12-04T20:20:59.990679
X5 Retail Group N.V.,FDR Food & Staples Retailing,,,,,X5 Retail Group,https://www.spglobal.com/sustainable1/en/scores/results?cid=4914538,2025-12-04T20:21:47.698425
Xiaomi Corporation,THQ Computers & Peripherals and Office Electronics,63,63,NO,"September 18, 2025",Xiaomi,https://www.spglobal.com/sustainable1/en/scores/results?cid=5311100,2025-12-04T20:22:12.130587
ZF Friedrichshafen AG,ATX Auto Components,,,,,ZF Friedrichshafen,https://www.spglobal.com/sustainable1/en/scores/results?cid=6216004,2025-12-04T20:22:49.842731
Zijin Mining Group Company Limited,MNX Metals & Mining,41,41,NO,"August 06, 2025",Zijin Mining Group,https://www.spglobal.com/sustainable1/en/scores/results?cid=4355642,2025-12-04T20:23:13.821257
